Customer Name,Cust Mobile,Plate No,Brand,Model,Vin No,Service,Billing Date,Billing No,Unit Price,Discount,Gross Amt,VATamt,Total Amount,Warranty
Vlada Technical Services LLC,554987929,Y13982,Nissan,Altima,IN4AL3AP9ENR11433,,02-01-2026,IN1-1001616,,,,,,
,,,,,,Engine oil and filter change,,,350,0,350,17.5,367.5,
,,,,,,Engine oil,,,0,0,0,0,0,
,,,,,,Engine oil filter,,,0,0,0,0,0,
Total,,,,,,,,,350,0,350,17.5,367.5,
Narsimha Reddy Dwarampudi Sri Satya,523980880,C12196,Toyota,Innova,MHFCX8EM4H0106132,,05-01-2026,IN1-1001617,,,,,,
,,,,,,Alternator-Aftermarket,,,714,0,714,35.7,749.7,
,,,,,,Bosch battery,,,495,0,495,24.75,519.75,
,,,,,,Replace alternator and battery,,,280,0,280,14,294,
Total,,,,,,,,,1489,0,1489,74.45,1563.45,
Al Khalij enterprises LLC,504293901,L36885,Kia,Optima,KNAGM4124F5545976,,06-01-2026,IN1-1001618,,,,,,
,,,,,,Engine mount LH -Original,,,515,0,515,25.75,540.75,
,,,,,,Engine mount RH -Original,,,519,0,519,25.95,544.95,
,,,,,,Gear mount- Original,,,366,0,366,18.3,384.3,
,,,,,,Consumable,,,100,0,100,5,105,
,,,,,,Replace engine mount and gear mount,,,560,0,560,28,588,
Total,,,,,,,,,2060,0,2060,103,2163,
Nitin Gupta,564415909,L52912,BMW,X6,WBAKU2A0XK0Z69067,,06-01-2026,IN1-1001619,,,,,,
,,,,,,Front axle oil seal LH/RH-Original,,,280,0,280,14,294,
,,,,,,Engine mount-Original,,,1252,0,1252,62.6,1314.6,
,,,,,,Gear mount-Original,,,612,0,612,30.6,642.6,
,,,,,,Front control arm bended LH/RH-Original,,,2608,0,2608,130.4,2738.4,
,,,,,,Rear shock absorber LH/RH-Original,,,3330,0,3330,166.5,3496.5,
,,,,,,Rear shock mount LH/RH-Original,,,880,0,880,44,924,
,,,,,,Rear brake pad - Original,,,466,0,466,23.3,489.3,
,,,,,,Rear brake pad sensor - Original,,,115,0,115,5.75,120.75,
,,,,,,Rear stabilizer bush-Original,,,200,0,200,10,210,
,,,,,,Front suspension work,,,560,56,504,25.2,529.2,
,,,,,,Rear suspension works,,,840,84,756,37.8,793.8,
,,,,,,Replacing engine mounting and gear mounting,,,560,56,504,25.2,529.2,
,,,,,,Replacing rear brake pad,,,280,28,252,12.6,264.6,
,,,,,,Rear disc skimming,,,100,0,100,5,105,
,,,,,,machine shop,,,300,0,300,15,315,
Total,,,,,,,,,12383,224,12159,607.95,12766.95,
Laura Melodie Nicole Vessier,551691288,Q67299,Chevrolet,Trax,KL1JD7D50KB736362,,08-01-2026,IN1-1001620,,,,,,
,,,,,,Radiator-Duplicate,,,545,0,545,27.25,572.25,
,,,,,,Radiator fan motor-used,,,310,0,310,15.5,325.5,
,,,,,,Timing belt -original,,,300,0,300,15,315,
,,,,,,Timing tensioner-original,,,380,0,380,19,399,
,,,,,,Timing pulley-original,,,266,0,266,13.3,279.3,
,,,,,,Water pump-Original,,,500,0,500,25,525,
,,,,,,Head gasket-Original,,,160,0,160,8,168,
,,,,,,Valve cover gasket-Original,,,140,0,140,7,147,
,,,,,,Coolant pipe to thermostat,,,280,0,280,14,294,
,,,,,,Valve seal-original,,,320,0,320,16,336,
,,,,,,Front crank seal-original,,,160,0,160,8,168,
,,,,,,Front cam seal-original,,,190,0,190,9.5,199.5,
,,,,,,Consumables,,,100,0,100,5,105,
,,,,,,Coolant,,,80,0,80,4,84,
,,,,,,Petrol,,,47.62,0,47.62,2.38,50,
,,,,,,Gasket,,,160,0,160,8,168,
,,,,,,Pull down engine,,,1680,0,1680,84,1764,
,,,,,,Replace timing belt,,,280,0,280,14,294,
,,,,,,Machine shop,,,350,0,350,17.5,367.5,
,,,,,,Repaint rear roof spoiler,,,0,0,0,0,0,
,,,,,,Machine shop( camshaft repair),,,150,0,150,7.5,157.5,
Total,,,,,,,,,6398.62,0,6398.62,319.93,6718.55,
Ahmed,506185939,BB90248,Mitsubishi,ASX,JE4LPT1U1RU705414,,08-01-2026,IN1-1001621,,,,,,
,,,,,,Rear shock absorber LH/RH-Aftermarket,,,434,0,434,21.7,455.7,
,,,,,,Rear shock mount LH/RH-Aftermarket,,,248,0,248,12.4,260.4,
,,,,,,Rear shock boot LH/RH-Aftermarket,,,160,0,160,8,168,
,,,,,,Semi major service,,,999,0,999,49.95,1048.95,
,,,,,,Engine oil filter,,,0,0,0,0,0,
,,,,,,Engine oil,,,0,0,0,0,0,
,,,,,,AC Filter,,,0,0,0,0,0,
,,,,,,Air filter,,,0,0,0,0,0,
,,,,,,Engine oil flushing liquid,,,30,0,30,1.5,31.5,
,,,,,,Consumables,,,100,0,100,5,105,
,,,,,,Rear shock mount bush LH/RH-Original,,,140,0,140,7,147,
,,,,,,Engine oil flushing,,,150,0,150,7.5,157.5,
,,,,,,Replacing rear shock and mounting,,,560,0,560,28,588,
,,,,,,Machine shop,,,250,0,250,12.5,262.5,
Total,,,,,,,,,3071,0,3071,153.55,3224.55,
Kieran James Ross,561494140,N71641,Mazda,6,JM7GH4SF6C1218853,,09-01-2026,IN1-1001622,,,,,,
,,,,,,Minor service,,,599,0,599,29.95,628.95,
,,,,,,Engine oil fllter,,,0,0,0,0,0,
,,,,,,Engine oil,,,0,0,0,0,0,
,,,,,,Oil filter housing assy-Original,,,395,0,395,19.75,414.75,
,,,,,,Oil filter housing gasket-Original,,,200,0,200,10,210,
,,,,,,Front wiper blade-Aftermarket,,,140,0,140,7,147,
,,,,,,Engine oil cooler-Original,,,825,0,825,41.25,866.25,
,,,,,,Consumables,,,100,0,100,5,105,
,,,,,,Rear brake pad,,,290,0,290,14.5,304.5,
,,,,,,Replacing oil filter housing assy,,,560,112,448,22.4,470.4,
,,,,,,Replacing rear brake pad,,,280,56,224,11.2,235.2,
,,,,,,pick up service,,,60,0,60,3,63,
,,,,,,Disc skimming,,,75,0,75,3.75,78.75,
Total,,,,,,,,,3524,168,3356,167.8,3523.8,
Mohammad Ghalib,555000045,O34534,Dodge,Durango,1C4RDHDG4LC129444,,09-01-2026,IN1-1001623,,,,,,
,,,,,,Lubricate front LH/RH upper arm,,,200,0,200,10,210,
,,,,,,Drop off service,,,60,0,60,3,63,
Total,,,,,,,,,260,0,260,13,273,
Jean Baptiste,524305866,X,Land Rover,Range Rover,SALVA2BG8HH171495,,09-01-2026,IN1-1001624,,,,,,
,,,,,,Front differential oil seal LH/RH (inner&amp; outer)-OrIginal,,,692,0,692,34.6,726.6,
,,,,,,Front lower arm LH/RH Assy- Aftermarket,,,932,0,932,46.6,978.6,
,,,,,,Consumables,,,100,0,100,5,105,
,,,,,,Replace differential seal and lower arm,,,560,0,560,28,588,
Total,,,,,,,,,2284,0,2284,114.2,2398.2,
Diana Marina Panturu,506494437,18/47059,BMW,X3,WBAWX510XBL771579,,10-01-2026,IN1-1001625,,,,,,
,,,,,,Upper radiator hose with connector-Original,,,355,0,355,17.75,372.75,
,,,,,,Overflow pipe-Original,,,200,0,200,10,210,
,,,,,,Expansion tank-Original,,,600,0,600,30,630,
,,,,,,Coolant,,,80,0,80,4,84,
,,,,,,Expansion tank cap-Original,,,85,0,85,4.25,89.25,
,,,,,,Consumables,,,50,0,50,2.5,52.5,
,,,,,,Coolant works,,,840,252,588,29.4,617.4,
Total,,,,,,,,,2210,252,1958,97.9,2055.9,
Mazen Fakhoury,559693525,P96887,Volkswagen,Touareg,WVGBC2BP8FD000346,,10-01-2026,IN1-1001626,,,,,,
,,,,,,Wheel alignment,,,150,0,150,7.5,157.5,
Total,,,,,,,,,150,0,150,7.5,157.5,
Chan Whye Loon,554106030,Y49341,BMW,X5,WBAKR0100G0R98476,,10-01-2026,IN1-1001627,,,,,,
,,,,,,Cylinder head breather hose-Original,,,350,0,350,17.5,367.5,
,,,,,,Replacing breather hose,,,350,105,245,12.25,257.25,
Total,,,,,,,,,700,105,595,29.75,624.75,
Maxime Schwartz,501592037,10732,Alfa Romeo,Stelvio,ZASPAHBN6L7C96146,,12-01-2026,IN1-1001628,,,,,,
,,,,,,PRE PURCHASE INSPECTION,,,500,0,500,25,525,
Total,,,,,,,,,500,0,500,25,525,
Leoul Solomon Tekeste,559244077,14/35144,Ford,Explorer,1FM5K8F88FGA37594,,12-01-2026,IN1-1001629,,,,,,
,,,,,,ABS Module and motor-used,,,3100,0,3100,155,3255,
,,,,,,Brake oil,,,60,0,60,3,63,
,,,,,,Minor service,,,799,0,799,39.95,838.95,
,,,,,,Engine oil filter,,,0,0,0,0,0,
,,,,,,Engine oil,,,0,0,0,0,0,
,,,,,,Replacing abs motor and module,,,1500,450,1050,52.5,1102.5,
,,,,,,Brake bleeding,,,150,45,105,5.25,110.25,
,,,,,,Pick up and drop off service,,,300,0,300,15,315,
,,,,,,Programming,,,850,0,850,42.5,892.5,
Total,,,,,,,,,6759,495,6264,313.2,6577.2,
Alanna Ross,562045099,83220,BMW,X1,WBAVL3105DVS27901,,13-01-2026,IN1-1001630,,,,,,
,,,,,,Minor service,,,599,0,599,29.95,628.95,
,,,,,,Engine oil filter,,,0,0,0,0,0,
,,,,,,Engine oil,,,0,0,0,0,0,
,,,,,,Oil pan gasket-Original,,,175,0,175,8.75,183.75,
,,,,,,Rear crank oil seal - original,,,189,0,189,9.45,198.45,
,,,,,,Consumables,,,100,0,100,5,105,
,,,,,,Ac gas top up,,,100,0,100,5,105,
,,,,,,Ac high and low pressure valve,,,50,0,50,2.5,52.5,
,,,,,,Full down gearbox to replace seal,,,1800,360,1440,72,1512,
,,,,,,Drop off service,,,60,0,60,3,63,
Total,,,,,,,,,3073,360,2713,135.65,2848.65,
Robin Jeng Gang Diau,566982399,10/71023,Honda,Pilot,5FNYF6878GB701743,,14-01-2026,IN1-1001631,,,,,,
,,,,,,Minor service ( with contract),,,0,0,0,0,0,
,,,,,,Engine oil,,,0,0,0,0,0,
,,,,,,Engine oil filter,,,0,0,0,0,0,
,,,,,,Oil filter housing gasket-Original,,,125,0,125,6.25,131.25,
Total,,,,,,,,,125,0,125,6.25,131.25,
Valeria,586922500,AA85382,Infiniti,Q60,JN1EV7EKXHM364234,,15-01-2026,IN1-1001632,,,,,,
,,,,,,Repair clip,,,95.24,0,95.24,4.76,100,
Total,,,,,,,,,95.24,0,95.24,4.76,100,
Jorge Laisequilla,554105761,14/57512,Toyota,Zelas,JTKJF5C75F3096099,,16-01-2026,IN1-1001633,,,,,,
,,,,,,Minor service(with contract),,,0,0,0,0,0,
,,,,,,Engine oil filter,,,0,0,0,0,0,
,,,,,,Engine oil,,,0,0,0,0,0,
,,,,,,Front lower arm assy - original,,,1320,0,1320,66,1386,
,,,,,,Stabilizer d bush,,,220,0,220,11,231,
,,,,,,Replacing frt lower arm and stabilizer d bush,,,560,112,448,22.4,470.4,
,,,,,,TYRE ROTATION,,,0,0,0,0,0,
,,,,,,WHEEL ALIGNMENT,,,150,0,150,7.5,157.5,
,,,,,,WHEEL BALANCING,,,100,0,100,5,105,
,,,,,,Pick up service,,,60,0,60,3,63,
Total,,,,,,,,,2410,112,2298,114.9,2412.9,
Jean Baptiste,524305866,X,Land Rover,Range Rover,SALVA2BG8HH171495,,16-01-2026,IN1-1001634,,,,,,
,,,,,,Gear selector assy-customer supply(NO WARRANTY/GUARANTEE),,,0,0,0,0,0,
,,,,,,Battery amaron AGM 80AH,,,750,0,750,37.5,787.5,
,,,,,,Engine oil and filter change,,,350,0,350,17.5,367.5,
,,,,,,Engine oil,,,0,0,0,0,0,
,,,,,,Engine oil filter,,,0,0,0,0,0,
,,,,,,Replacing gear selector,,,280,0,280,14,294,
,,,,,,Online programming,,,850,850,0,0,0,
Total,,,,,,,,,2230,850,1380,69,1449,
Brian St Christopher Webster Edwards,526417917,U53743,Honda,Odyssey,5KBRL6886LB700219,,17-01-2026,IN1-1001635,,,,,,
,,,,,,Minor service,,,799,0,799,39.95,838.95,
,,,,,,Engine oil,,,0,0,0,0,0,
,,,,,,Engine oil filter,,,0,0,0,0,0,
Total,,,,,,,,,799,0,799,39.95,838.95,
Farrahana Binti Hashim,501252692,10/69215,BMW,520i,WBAJA1109JBH85310,,17-01-2026,IN1-1001636,,,,,,
,,,,,,Major service (with contract),,,0,0,0,0,0,
,,,,,,Engine oil,,,0,0,0,0,0,
,,,,,,Engine oil filter,,,0,0,0,0,0,
,,,,,,Ac filter,,,0,0,0,0,0,
,,,,,,Air filter,,,0,0,0,0,0,
,,,,,,Spark plugs,,,0,0,0,0,0,
Total,,,,,,,,,0,0,0,0,0,
Abdelrahman Helmy Abdelmonem Ibrahim Elwakil,558621355,18/59518,Mercedes-Benz,220,WDDKK4JF0BF061707,,17-01-2026,IN1-1001637,,,,,,
,,,,,,Rear crank oil seal-Customer supply,,,0,0,0,0,0,
,,,,,,Gear oil seal-Customer supply,,,0,0,0,0,0,
,,,,,,Sensor oring-Customer supply,,,0,0,0,0,0,
,,,,,,Drive belt-Customer supply,,,0,0,0,0,0,
,,,,,,Tensioner-Customer supply,,,0,0,0,0,0,
,,,,,,Rear brake pad-Customer supply,,,0,0,0,0,0,
,,,,,,Rear brake -Customer supply,,,0,0,0,0,0,
,,,,,,Petrol,,,50,0,50,2.5,52.5,
,,,,,,"Replace rear crank oil seal, gear oil seal",,,840,210,630,31.5,661.5,
,,,,,,Disc skimming,,,75,0,75,3.75,78.75,
Total,,,,,,,,,965,210,755,37.75,792.75,
Valeria,586922500,AA85382,Infiniti,Q60,JN1EV7EKXHM364234,,17-01-2026,IN1-1001638,,,,,,
,,,,,,Wheel stud and nuts,,,175,0,175,8.75,183.75,
,,,,,,Labor charge,,,150,0,150,7.5,157.5,
Total,,,,,,,,,325,0,325,16.25,341.25,
DAWIA BUSINESSMEN ADMINISTRATIVE SERVICES L.L.C,553703560,Y10875,Range Rover,Velar,SALYA2BV4JA749098,,20-01-2026,IN1-1001639,,,,,,
,,,,,,Minor service,,,649,0,649,32.45,681.45,
,,,,,,Engine oil,,,0,0,0,0,0,
,,,,,,Engine oil filter,,,0,0,0,0,0,
,,,,,,AGM battery 95AH varta,,,890,0,890,44.5,934.5,
Total,,,,,,,,,1539,0,1539,76.95,1615.95,
Mohammad Bilal Salem Harmoos,506567787,A27116,Nissan,Patrol,JN8AY2NY8F9111864,,20-01-2026,IN1-1001640,,,,,,
,,,,,,CLEAN SENSOR AND SYSTEM RESET,,,171.43,0,171.43,8.57,180,
Total,,,,,,,,,171.43,0,171.43,8.57,180,
Viktor Chekov,553933964,T1406,Mercedes-Benz,GLS 580,W1NFF8GE7MA428973,,22-01-2026,IN1-1001641,,,,,,
,,,,,,Front axle assy LH/RH-Aftermarket,,,1700,0,1700,85,1785,
,,,,,,Front lower arm bush big-Original,,,500,0,500,25,525,
,,,,,,Consumables,,,100,0,100,5,105,
,,,,,,Wiper washer motor-Original,,,365,0,365,18.25,383.25,
,,,,,,Replacing axle assy and lower arm bush,,,1140,0,1140,57,1197,
,,,,,,Replacing wiper washer motor,,,380,0,380,19,399,
,,,,,,Machine shop,,,250,0,250,12.5,262.5,
Total,,,,,,,,,4435,0,4435,221.75,4656.75,
Haseeb,544795795,Q72856,BMW,X3,WBATR9106JLC54690,,23-01-2026,IN1-1001642,,,,,,
,,,,,,Gear oil cooler-German,,,850,0,850,42.5,892.5,
,,,,,,Connector,,,95,0,95,4.75,99.75,
,,,,,,Oil filter housing assy-original,,,1000,0,1000,50,1050,
,,,,,,coolant,,,80,0,80,4,84,
,,,,,,Engine oil cooler gasket- Original,,,210,0,210,10.5,220.5,
,,,,,,Consumables,,,100,0,100,5,105,
,,,,,,Water pump-original,,,750,0,750,37.5,787.5,
,,,,,,Coolant works,,,1120,100.02,1019.98,51,1070.98,
,,,,,,Replacing oil filter housing assy,,,280,0,280,14,294,
,,,,,,Recovery service,,,180,0,180,9,189,
Total,,,,,,,,,4665,100.02,4564.98,228.25,4793.23,
Al Khalij enterprises LLC,504293901,I95975,Infiniti,Q70,JNKBY1AP8GM320008,,23-01-2026,IN1-1001643,,,,,,
,,,,,,Ac pressure hose o ring,,,30,0,30,1.5,31.5,
,,,,,,Ac gas,,,150,0,150,7.5,157.5,
,,,,,,ac pressure test and replacing ac hose o ring,,,350,0,350,17.5,367.5,
,,,,,,Clean ac filter,,,0,0,0,0,0,
Total,,,,,,,,,530,0,530,26.5,556.5,
Claudia Bento Ribeiro,554780557,8/85178,Chevrolet,TrailBlazer,3GNKB8RS7LS623688,,23-01-2026,IN1-1001644,,,,,,
,,,,,,Thermostat-Original,,,465,0,465,23.25,488.25,
,,,,,,Front Brake Pad - Original,,,455,0,455,22.75,477.75,
,,,,,,Coolant,,,80,0,80,4,84,
,,,,,,Consumables,,,50,0,50,2.5,52.5,
,,,,,,Key battery,,,85,0,85,4.25,89.25,
,,,,,,Replacing frt brake pad,,,280,0,280,14,294,
,,,,,,Replacing thermostat,,,560,0,560,28,588,
,,,,,,Rear LH tyre inside patch repair,,,100,0,100,5,105,
,,,,,,Disc skimming,,,75,0,75,3.75,78.75,
,,,,,,Drop off service,,,60,0,60,3,63,
Total,,,,,,,,,2210,0,2210,110.5,2320.5,
Rajinder Kumar Sharma,554828931,G84585,Jaguar,F-Pace,SADCA2BX6LA652642,,24-01-2026,IN1-1001645,,,,,,
,,,,,,"Service Booklet (4 CYLINDER) 2 YEARS/40,000KM",,,3300,0,3300,165,3465,
,,,,,,Minor service,,,0,0,0,0,0,
,,,,,,Semi major service,,,0,0,0,0,0,
,,,,,,Major service,,,0,0,0,0,0,
,,,,,,Minor service,,,0,0,0,0,0,
,,,,,,Engine oil filter,,,0,0,0,0,0,
,,,,,,Engine oil filter,,,0,0,0,0,0,
Total,,,,,,,,,3300,0,3300,165,3465,
Bellevere Divine Tekeng Lekemo,527940102,R29847,Mitsubishi,Pajero,JMYLRV95WAJ716304,,24-01-2026,IN1-1001646,,,,,,
,,,,,,Repair dashboard,,,2100,0,2100,105,2205,
,,,,,,Full detailing,,,800,0,800,40,840,
Total,,,,,,,,,2900,0,2900,145,3045,
Grace,+44 7878 226 456,14/29493,Audi,Q7,WA1AGDFE7GD000178,,24-01-2026,IN1-1001647,,,,,,
,,,,,,Minor service(with contract),,,0,0,0,0,0,
,,,,,,Engine oil,,,0,0,0,0,0,
,,,,,,Engine oil filter,,,0,0,0,0,0,
,,,,,,Pick up and drop off,,,120,0,120,6,126,
Total,,,,,,,,,120,0,120,6,126,
Kathleen Fernando Mariano,502073108,Z74009,Chevrolet,Groove,LZWADAGA8NG018853,,26-01-2026,IN1-1001648,,,,,,
,,,,,,Minor service,,,0,0,0,0,0,
,,,,,,Engine oil filter,,,0,0,0,0,0,
,,,,,,Engine oil,,,0,0,0,0,0,
Total,,,,,,,,,0,0,0,0,0,
Arvind,555533708,FF51827,BMW,320I,WBAET150X0NF87533,,27-01-2026,IN1-1001649,,,,,,
,,,,,,Power steering oil,,,140,0,140,7,147,
,,,,,,Power steering pump-aftermarket,,,569,0,569,28.45,597.45,
,,,,,,Engine oil level sensor-aftermarket,,,200,0,200,10,210,
,,,,,,Spark plug-aftermarket,,,300,0,300,15,315,
,,,,,,Clutch fan- Aftermarket,,,655,0,655,32.75,687.75,
,,,,,,Consumables,,,100,0,100,5,105,
,,,,,,water pump- Aftermarket,,,248,0,248,12.4,260.4,
,,,,,,Replacing power steering oil and pump,,,560,0,560,28,588,
,,,,,,Replacing oil level sensor,,,150,0,150,7.5,157.5,
,,,,,,Replacing spark plugs,,,150,0,150,7.5,157.5,
,,,,,,Replacing clutch fan,,,280,0,280,14,294,
,,,,,,Power steering rack and pinion overhauling(parts and labor),,,1300,0,1300,65,1365,
,,,,,,Steering hose repair,,,120,0,120,6,126,
Total,,,,,,,,,4772,0,4772,238.6,5010.6,
William,545999455,M25938,Ford,Edge,2FMDK4JCXDBA93329,,27-01-2026,IN1-1001650,,,,,,
,,,,,,Rear window regulator-used,,,1090,0,1090,54.5,1144.5,
,,,,,,Consumables,,,50,0,50,2.5,52.5,
,,,,,,Engine oil and filter change,,,380,0,380,19,399,
,,,,,,Engine oil fllter,,,0,0,0,0,0,
,,,,,,Engine oil,,,0,0,0,0,0,
,,,,,,Replacing window regulator,,,350,0,350,17.5,367.5,
Total,,,,,,,,,1870,0,1870,93.5,1963.5,
DAWIA BUSINESSMEN ADMINISTRATIVE SERVICES L.L.C,565034199,M80214,Chevrolet,Tahoe,1GNSK8KD3NR261912,,28-01-2026,IN1-1001651,,,,,,
,,,,,,Front upper arm assy LH/RH-Original,,,1110,0,1110,55.5,1165.5,
,,,,,,Rear wheel bearing LH/RH- Original,,,1570,0,1570,78.5,1648.5,
,,,,,,Engine oil top up,,,70,0,70,3.5,73.5,
,,,,,,Consumables,,,50,0,50,2.5,52.5,
,,,,,,Replacing upper arm assy,,,630,0,630,31.5,661.5,
,,,,,,Replacing rear wheel bearing,,,840,0,840,42,882,
,,,,,,Machine shop,,,100,0,100,5,105,
,,,,,,Pick up service,,,60,0,60,3,63,
,,,,,,RTA PASSING,,,170,0,170,8.5,178.5,
,,,,,,RTA passing assistance,,,150,0,150,7.5,157.5,
Total,,,,,,,,,4750,0,4750,237.5,4987.5,
George Edmund Kealey,585463328,20/42549,Lincoln,Continental,1LN6L9NC4K5606623,,28-01-2026,IN1-1001652,,,,,,
,,,,,,Minor service,,,0,0,0,0,0,
,,,,,,Engine oil filter,,,0,0,0,0,0,
,,,,,,Engine oil,,,0,0,0,0,0,
,,,,,,Engine oil pan gasket,,,105,0,105,5.25,110.25,
,,,,,,Engine oil pan assy- 30 DAYS Order,,,1862,0,1862,93.1,1955.1,
,,,,,,Turbo charger oil pipe 1-Original,,,586,0,586,29.3,615.3,
,,,,,,Turbo charger oil pipe 2-Original,,,931,0,931,46.55,977.55,
,,,,,,Oil leak works,,,840,0,840,42,882,
Total,,,,,,,,,4324,0,4324,216.2,4540.2,
Alejandro Tadeo Benitez Gimenez,558403697,C80158,Jeep,Grand Cherokee,1C4RJFBGXKC679391,,28-01-2026,IN1-1001653,,,,,,
,,,,,,Transfer case control module,,,1300,0,1300,65,1365,
,,,,,,Consumables,,,50,0,50,2.5,52.5,
,,,,,,Headlight bulb RH/LH,,,520,0,520,26,546,
,,,,,,Minor service,,,899,0,899,44.95,943.95,
,,,,,,Engine oil filter,,,0,0,0,0,0,
,,,,,,Engine oil,,,0,0,0,0,0,
,,,,,,Labour charge,,,350,0,350,17.5,367.5,
,,,,,,Replacing head light bulb,,,100,0,100,5,105,
,,,,,,Drop off service,,,60,0,60,3,63,
Total,,,,,,,,,3279,0,3279,163.95,3442.95,
DAWIA BUSINESSMEN ADMINISTRATIVE SERVICES L.L.C,553703560,Y10875,Range Rover,Velar,SALYA2BV4JA749098,,29-01-2026,IN1-1001654,,,,,,
,,,,,,Coolant pipe(expansion tank to thermostat valve),,,360,0,360,18,378,
,,,,,,Coolant,,,90,0,90,4.5,94.5,
,,,,,,Consumables,,,50,0,50,2.5,52.5,
,,,,,,Coolant works,,,560,100.8,459.2,22.96,482.16,
Total,,,,,,,,,1060,100.8,959.2,47.96,1007.16,
Mihaela Gabriela Lacobita,585952388,U36233,BMW,520i,WBA5A3102GG303914,,30-01-2026,IN1-1001655,,,,,,
,,,,,,Minor service(with contract),,,0,0,0,0,0,
,,,,,,Engine oil,,,0,0,0,0,0,
,,,,,,Engine oil filter,,,0,0,0,0,0,
,,,,,,RH headlight bulb philip,,,220,0,220,11,231,
Total,,,,,,,,,220,0,220,11,231,
Veereena Daniela Ramkissoon,508782088,W90732,Toyota,Yaris,MR2K19F38K1046337,,31-01-2026,IN1-1001656,,,,,,
,,,,,,Semi major service(with contract),,,0,0,0,0,0,
,,,,,,Engine oil filter,,,0,0,0,0,0,
,,,,,,Engine oil,,,0,0,0,0,0,
,,,,,,AC Filter,,,0,0,0,0,0,
,,,,,,Air filter,,,0,0,0,0,0,
Total,,,,,,,,,0,0,0,0,0,
Veereena Daniela Ramkissoon,508782088,W90732,Toyota,Yaris,MR2K19F38K1046337,,31-01-2026,IN1-1001657,,,,,,
,,,,,,"Service booklet ( 4 CYLINDER) 2 YEARS/40,000KM",,,3142.86,0,3142.86,157.14,3300,
,,,,,,Minor service,,,0,0,0,0,0,
,,,,,,Semi Major Service,,,0,0,0,0,0,
,,,,,,Major service,,,0,0,0,0,0,
Total,,,,,,,,,3142.86,0,3142.86,157.14,3300,
Abdualkayum Mussani,509288744,F47793,Range Rover,Sport,SALWA2FV4HA126124,,02-02-2026,IN1-1001658,,,,,,
,,,,,,Electric coolant pump-Original,,,1305,0,1305,65.25,1370.25,
,,,,,,Fan belt- Original,,,480,0,480,24,504,
,,,,,,Coolant,,,90,0,90,4.5,94.5,
,,,,,,Coolant bleeder nut,,,60,0,60,3,63,
,,,,,,Consumables,,,50,0,50,2.5,52.5,
,,,,,,Belt adjuster-original,,,1829,0,1829,91.45,1920.45,
,,,,,,Idler bearing- Original,,,300,0,300,15,315,
,,,,,,Petrol,,,95.24,0,95.24,4.76,100,
,,,,,,Replacing electric coolant pump,,,840,0,840,42,882,
,,,,,,Replacing fan belt,,,560,0,560,28,588,
,,,,,,Machine shop ( stuck up bearing),,,150,0,150,7.5,157.5,
Total,,,,,,,,,5759.24,0,5759.24,287.96,6047.2,
Alanna Ross,562045099,83220,BMW,X1,WBAVL3105DVS27901,,03-02-2026,IN1-1001659,,,,,,
,,,,,,Clean and MAF sensor and reset,,,280,0,280,14,294,
,,,,,,Pick up and drop off,,,120,0,120,6,126,
Total,,,,,,,,,400,0,400,20,420,
Junior Decarteret Kelly,529028797,T93727,Lexus,IS,JTHBK262685073880,,04-02-2026,IN1-1001660,,,,,,
,,,,,,Front brake pad- Aftermarket,,,214,0,214,10.7,224.7,
,,,,,,Front brake disc- Aftermarket,,,700,0,700,35,735,
,,,,,,Consumables,,,80,0,80,4,84,
,,,,,,Front lower arm big bush LH/RH -Aftermarket,,,350,0,350,17.5,367.5,
,,,,,,Front lower arm small bush LH/RH -Aftermarket,,,250,0,250,12.5,262.5,
,,,,,,Replacing front brake pad and disc,,,350,0,350,17.5,367.5,
,,,,,,Replacing lower arm bush LH/RH,,,560,0,560,28,588,
,,,,,,Machine shop,,,150,0,150,7.5,157.5,
,,,,,,Wheel alignment,,,150,0,150,7.5,157.5,
Total,,,,,,,,,2804,0,2804,140.2,2944.2,
Donald Lloyd Burnett,502469173,A90792,Mitsubishi,Pajero,JMYLRV73W6J710845,,05-02-2026,IN1-1001661,,,,,,
,,,,,,Minor service,,,599,0,599,29.95,628.95,
,,,,,,Engine oil filter,,,0,0,0,0,0,
,,,,,,Engine oil,,,0,0,0,0,0,
,,,,,,Gear oil,,,420,0,420,21,441,
,,,,,,Gear oil filter,,,250,0,250,12.5,262.5,
,,,,,,Gear oil service,,,560,168,392,19.6,411.6,
Total,,,,,,,,,1829,168,1661,83.05,1744.05,
Lauren,4.48E+11,22/76930,Honda,HR-V,MRJRV3869ST010088,,05-02-2026,IN1-1001662,,,,,,
,,,,,,Denting,,,280,0,280,14,294,
,,,,,,Repaint rr trunk,,,350,0,350,17.5,367.5,
Total,,,,,,,,,630,0,630,31.5,661.5,
Allyson Fiona Noble, 55 196 4170,T71019,Ford,Mustang,1FA6P8CF6H5217075,,05-02-2026,IN1-1001663,,,,,,
,,,,,,Front lower arm assy - Aftermarket,,,420,0,420,21,441,
,,,,,,Front shock absorber  - Aftermarket,,,500,0,500,25,525,
,,,,,,Front shock mount -Original,,,374,0,374,18.7,392.7,
,,,,,,Consumables,,,100,0,100,5,105,
,,,,,,Front link rod LH/RH-Original,,,240,0,240,12,252,
,,,,,,Rear shock absorber-Original,,,960,0,960,48,1008,
,,,,,,Minor service,,,899,0,899,44.95,943.95,
,,,,,,Engine oil filter,,,0,0,0,0,0,
,,,,,,Engine oil,,,0,0,0,0,0,
,,,,,,BATTERY,,,450,0,450,22.5,472.5,
,,,,,,Front suspension works,,,1120,224,896,44.8,940.8,
,,,,,,Replacing rear shock absorber,,,560,112,448,22.4,470.4,
,,,,,,Replacing battery,,,50,10,40,2,42,
,,,,,,Machine shop,,,200,0,200,10,210,
,,,,,,Wheel alignment,,,150,0,150,7.5,157.5,
,,,,,,Drop off service,,,60,0,60,3,63,
Total,,,,,,,,,6083,346,5737,286.85,6023.85,
Peter Ronald Harry Smithson,585910948,J64595,Dodge,Challenger,2C3CDYBT3EH245695,,06-02-2026,IN1-1001664,,,,,,
,,,,,,Propeller shaft assy-Used,,,1700,0,1700,85,1785,
,,,,,,Rear differential bush-Aftermarket,,,558,0,558,27.9,585.9,
,,,,,,Center bearing-Aftermarket,,,279,0,279,13.95,292.95,
,,,,,,Consumables,,,100,0,100,5,105,
,,,,,,Replacing propeller shaft assy,,,840,0,840,42,882,
,,,,,,Machine shop,,,200,0,200,10,210,
,,,,,,RTA PASSING,,,270,0,270,13.5,283.5,
,,,,,,RTA PASSING SERVICE,,,100,0,100,5,105,
Total,,,,,,,,,4047,0,4047,202.35,4249.35,
Chan Whye Loon,554106030,Y49341,BMW,X5,WBAKR0100G0R98476,,07-02-2026,IN1-1001665,,,,,,
,,,,,,Valve cover gasket -Original,,,250,0,250,12.5,262.5,
,,,,,,Consumable,,,50,0,50,2.5,52.5,
,,,,,,Replacing valve cover gasket,,,560,0,560,28,588,
Total,,,,,,,,,860,0,860,43,903,
Brian St Christopher Webster Edwards,526417917,Y67203,Porsche,911,,,07-02-2026,IN1-1001666,,,,,,
,,,,,,Recovery service(including truck waiting time),,,400,0,400,20,420,
,,,,,,Forklift service (Load Vehicle),,,150,0,150,7.5,157.5,
Total,,,,,,,,,550,0,550,27.5,577.5,
Adrien Galle,585772421,T36553,Jeep,Wrangler,1C4BJWFG9FL559325,,07-02-2026,IN1-1001667,,,,,,
,,,,,,"Service Booklet ( 6 Cylinder) 2 Years/40,000km",,,4200,0,4200,210,4410,
,,,,,,Minor service,,,0,0,0,0,0,
,,,,,,Semi major service,,,0,0,0,0,0,
,,,,,,Major service,,,0,0,0,0,0,
,,,,,,Minor service,,,0,0,0,0,0,
,,,,,,Engine oil filter,,,0,0,0,0,0,
,,,,,,Engine oil,,,0,0,0,0,0,
,,,,,,Spare tyre bolt 6 pcs,,,80,0,80,4,84,
,,,,,,Front differential oil seal-Original,,,180,0,180,9,189,
,,,,,,Wheel stud and bolt,,,720,0,720,36,756,
,,,,,,Differential oil,,,240,0,240,12,252,
,,,,,,Replacing differential oil seal,,,560,0,560,28,588,
,,,,,,Machine shop (removing broken bolt and frt plate # metal holder),,,300,0,300,15,315,
Total,,,,,,,,,6280,0,6280,314,6594,
Smile rent a car,529031946,19/70417,Hyundai,Accent,MALC741C5PM384494,,07-02-2026,IN1-1001668,,,,,,
,,,,,,Spark plug-customer supply,,,0,0,0,0,0,
,,,,,,ignition coil-customer supply,,,0,0,0,0,0,
,,,,,,Labor charge,,,280,56,224,11.2,235.2,
Total,,,,,,,,,280,56,224,11.2,235.2,
DAWIA BUSINESSMEN ADMINISTRATIVE SERVICES L.L.C,565034199,M80214,Chevrolet,Tahoe,1GNSK8KD3NR261912,,09-02-2026,IN1-1001669,,,,,,
,,,,,,Minor service,,,899,0,899,44.95,943.95,
,,,,,,Engine oil,,,0,0,0,0,0,
,,,,,,Engine oil filter,,,0,0,0,0,0,
,,,,,,Engine Flushing oil,,,120,0,120,6,126,
,,,,,,Engine flushing,,,280,0,280,14,294,
Total,,,,,,,,,1299,0,1299,64.95,1363.95,
Mayank Mahesh Biyani Biya,559535423,I17720,Mazda,CX-5,JM8KE4W76G0349665,,09-02-2026,IN1-1001670,,,,,,
,,,,,,Semi major service(with contract),,,0,0,0,0,0,
,,,,,,Engine oil filter,,,0,0,0,0,0,
,,,,,,Engine oil,,,0,0,0,0,0,
,,,,,,AC Filter,,,0,0,0,0,0,
,,,,,,Air filter,,,0,0,0,0,0,
,,,,,,Ac high and low pressure valve,,,25,0,25,1.25,26.25,
,,,,,,Ac gas,,,150,0,150,7.5,157.5,
,,,,,,Engine oil drain plug,,,80,0,80,4,84,
,,,,,,AC flushing,,,280,0,280,14,294,
Total,,,,,,,,,535,0,535,26.75,561.75,
Aqil Mohd Hadi Hassan Alhadi,504525657,A7970,Range Rover,HSE,SALGA2DF1EA187829,,09-02-2026,IN1-1001671,,,,,,
,,,,,,Rear brake pad-Original,,,599,0,599,29.95,628.95,
,,,,,,Rear brake sensor- Original,,,200,0,200,10,210,
,,,,,,Consumables,,,50,0,50,2.5,52.5,
,,,,,,Replacing rear brake pad and sensor,,,280,0,280,14,294,
,,,,,,Rear brake disc skimming,,,80,0,80,4,84,
Total,,,,,,,,,1209,0,1209,60.45,1269.45,
Shenujith Padikkal Raghavan Murukoly,505814650,EE49796,Mercedes,GLA45,WDCTG5CB8HJ351452,,10-02-2026,IN1-1001672,,,,,,
,,,,,,Auxiliary battery,,,720,0,720,36,756,
Total,,,,,,,,,720,0,720,36,756,
Valeria,586922500,AA85382,Infiniti,Q60,JN1EV7EKXHM364234,,10-02-2026,IN1-1001673,,,,,,
,,,,,,Gear oil filter-n/a,,,0,0,0,0,0,
,,,,,,Gear oil,,,460,0,460,23,483,
,,,,,,Gear oil service,,,280,0,280,14,294,
,,,,,,Clean gear oil filter,,,0,0,0,0,0,
Total,,,,,,,,,740,0,740,37,777,
Brittany Alexandria Wiltshire,509761868,O53611,Volkswagen,Touareg,WVGBC2BP5ED002473,,10-02-2026,IN1-1001674,,,,,,
,,,,,,Semi major service,,,1099,0,1099,54.95,1153.95,
,,,,,,Engine oil filter,,,0,0,0,0,0,
,,,,,,Engine oil,,,0,0,0,0,0,
,,,,,,AC Filter,,,0,0,0,0,0,
,,,,,,Air filter,,,0,0,0,0,0,
,,,,,,Drop off service,,,60,0,60,3,63,
Total,,,,,,,,,1159,0,1159,57.95,1216.95,
Colm Smyth,589502504,F22946,MG,ZS,LSJW74U64KZ010846,,10-02-2026,IN1-1001675,,,,,,
,,,,,,Minor service,,,599,0,599,29.95,628.95,
,,,,,,Engine oil filter,,,0,0,0,0,0,
,,,,,,Engine oil,,,0,0,0,0,0,
,,,,,,Consumables,,,100,0,100,5,105,
Total,,,,,,,,,699,0,699,34.95,733.95,
Abdualkayum Mussani,509288744,F47793,Range Rover,Sport,SALWA2FV4HA126124,,10-02-2026,IN1-1001676,,,,,,
,,,,,,Front control arm assy LH/RH-AFTERMARKET,,,900,0,900,45,945,
,,,,,,Consumable,,,50,0,50,2.5,52.5,
,,,,,,Replacing front control arm assy.,,,560,0,560,28,588,
Total,,,,,,,,,1510,0,1510,75.5,1585.5,
Ibrahim Ahmad Essa,585311256,EE75909,Nissan,Sunny,MDHBN7AD6KG644231,,11-02-2026,IN1-1001677,,,,,,
,,,,,,Engine oil and filter change,,,285.71,0,285.71,14.29,300,
,,,,,,Engine oil,,,0,0,0,0,0,
,,,,,,Engine oil filter,,,0,0,0,0,0,
Total,,,,,,,,,285.71,0,285.71,14.29,300,
Aqil Mohd Hadi Hassan Alhadi,504525657,A9662,Range Rover,HSE,SALGA2DF7EA155760,,11-02-2026,IN1-1001678,,,,,,
,,,,,,Oil cooler pipe-Original,,,1015,0,1015,50.75,1065.75,
,,,,,,Consumables,,,50,0,50,2.5,52.5,
,,,,,,Fuel pump o ring- Original,,,90,0,90,4.5,94.5,
,,,,,,Fuel pump - Original,,,1200,0,1200,60,1260,
,,,,,,Replace gear oil cooler pipe,,,560,0,560,28,588,
,,,,,,Replace fuel pump,,,280,0,280,14,294,
Total,,,,,,,,,3195,0,3195,159.75,3354.75,
Malek Shamass,564305618,I82064,Mercedes-Benz,CLK 200,WDB2093421F176663,,11-02-2026,IN1-1001679,,,,,,
,,,,,,Engine oil and filter change,,,350,0,350,17.5,367.5,
,,,,,,Engine oil,,,0,0,0,0,0,
,,,,,,Engine oil filter,,,0,0,0,0,0,
,,,,,,Repair gear selector,,,100,0,100,5,105,
Total,,,,,,,,,450,0,450,22.5,472.5,
Brian St Christopher Webster Edwards,526417917,U53743,Honda,Odyssey,5KBRL6886LB700219,,13-02-2026,IN1-1001680,,,,,,
,,,,,,Rear lower arm assy LH/RH-Original,,,3060,0,3060,153,3213,
,,,,,,Rear shock absorber LH/RH- Original,,,1862,0,1862,93.1,1955.1,
,,,,,,Gear oil filter- Original,,,187,0,187,9.35,196.35,
,,,,,,Gear oil- Original,,,770,0,770,38.5,808.5,
,,,,,,Rear lateral arm assy LH/RH-Original,,,1996,0,1996,99.8,2095.8,
,,,,,,Consumables,,,100,0,100,5,105,
,,,,,,Rear suspension works,,,840,0,840,42,882,
,,,,,,Replacing Gear Oil,,,350,0,350,17.5,367.5,
,,,,,,Machine shop,,,200,0,200,10,210,
Total,,,,,,,,,9365,0,9365,468.25,9833.25,
Andras Nemeth,569126674,DD42764,Mitsubishi,Pajero,JMYLRV95WBJ711359,,14-02-2026,IN1-1001681,,,,,,
,,,,,,Wheel alignment,,,95.24,0,95.24,4.76,100,
Total,,,,,,,,,95.24,0,95.24,4.76,100,
Viktor Chekov,553933964,T1406,Mercedes-Benz,GLS 580,W1NFF8GE7MA428973,,14-02-2026,IN1-1001682,,,,,,
,,,,,,Front shock absorber -Recondition 6 months warranty,,,6400,0,6400,320,6720,
,,,,,,RH center ac vent kit,,,500,0,500,25,525,
,,,,,,Replacing front shock absorber,,,840,0,840,42,882,
,,,,,,Replace ac vent kit,,,280,0,280,14,294,
,,,,,,SUSPESNSION CALIBRATION,,,1000,0,1000,50,1050,
Total,,,,,,,,,9020,0,9020,451,9471,
Shenujith Padikkal Raghavan Murukoly,505814650,EE49796,Mercedes,GLA45,WDCTG5CB8HJ351452,,14-02-2026,IN1-1001683,,,,,,
,,,,,,Minor service,,,599,0,599,29.95,628.95,
,,,,,,Engine oil fllter,,,0,0,0,0,0,
,,,,,,Engine oil,,,0,0,0,0,0,
,,,,,,Key battery,,,40,0,40,2,42,
,,,,,,Ac gas,,,0,0,0,0,0,
,,,,,,ac flushing oil,,,0,0,0,0,0,
,,,,,,ac service,,,500,0,500,25,525,
,,,,,,Clean gear selector electrical board,,,0,0,0,0,0,
,,,,,,Pick and drop off service,,,0,0,0,0,0,
Total,,,,,,,,,1139,0,1139,56.95,1195.95,
Arvind,555533708,FF51827,BMW,320I,WBAET150X0NF87533,,14-02-2026,IN1-1001684,,,,,,
,,,,,,Wheel alignment,,,150,0,150,7.5,157.5,
,,,,,,Drop off service,,,60,0,60,3,63,
Total,,,,,,,,,210,0,210,10.5,220.5,
Altegio LLC FZ,557195382,G87464,Volvo,V90,YV1A2APZ8J1023136,,16-02-2026,IN1-1001685,,,,,,
,,,,,,Upper torque rod-original,,,792,0,792,39.6,831.6,
,,,,,,Front upper arm- Original,,,1530,0,1530,76.5,1606.5,
,,,,,,Engine mount RH- Original,,,905,0,905,45.25,950.25,
,,,,,,Spring seat/ shock mount- Original,,,1062,0,1062,53.1,1115.1,
,,,,,,Front lower arm assy LH/RH- Original,,,3200,0,3200,160,3360,
,,,,,,Consumables,,,100,0,100,5,105,
,,,,,,Front Brake Pad - Original,,,912,0,912,45.6,957.6,
,,,,,,Rear brake pad-Original,,,851,0,851,42.55,893.55,
,,,,,,Front wiper blade,,,150,0,150,7.5,157.5,
,,,,,,Replacing frt suspension,,,840,0,840,42,882,
,,,,,,Replace engine mountings,,,560,0,560,28,588,
,,,,,,Replacing front brake pad,,,280,0,280,14,294,
,,,,,,Replacing rear brake pad,,,280,0,280,14,294,
,,,,,,Machine shop,,,150,150,0,0,0,
,,,,,,Disc skimming,,,150,0,150,7.5,157.5,
Total,,,,,,,,,11762,150,11612,580.6,12192.6,
Al Khalij enterprises LLC,504293901,I95975,Infiniti,Q70,JNKBY1AP8GM320008,,16-02-2026,IN1-1001686,,,,,,
,,,,,,Intake hose-original,,,850,0,850,42.5,892.5,
,,,,,,Rear link rod-aftermarket,,,186,0,186,9.3,195.3,
,,,,,,Semi major service,,,1099,0,1099,54.95,1153.95,
,,,,,,Engine oil,,,0,0,0,0,0,
,,,,,,Engine oil filter,,,0,0,0,0,0,
,,,,,,AC Filter,,,0,0,0,0,0,
,,,,,,Air filter,,,0,0,0,0,0,
,,,,,,Rear stabilizer d bush-aftermarket,,,110,0,110,5.5,115.5,
,,,,,,Rear upper arm bush-aftermarket,,,440,0,440,22,462,
,,,,,,Rear control arm-aftermarket,,,520,0,520,26,546,
,,,,,,Rear knuckle bush-aftermarket,,,936,0,936,46.8,982.8,
,,,,,,Rear upper arm ball joint boot-aftermarket,,,50,0,50,2.5,52.5,
,,,,,,Rear shock absorber-aftermarket,,,700,0,700,35,735,
,,,,,,Rear shock mount -Original,,,494,0,494,24.7,518.7,
,,,,,,Rear shock boot -aftermarket,,,150,0,150,7.5,157.5,
,,,,,,Consumables,,,150,0,150,7.5,157.5,
,,,,,,Rear wheel bearing LH/RH -aftermarket,,,868,0,868,43.4,911.4,
,,,,,,Intake pipe bypass hose-original,,,240,0,240,12,252,
,,,,,,Rear suspension works,,,1680,168,1512,75.6,1587.6,
,,,,,,Replacing rr wheel bearing LH/RH,,,350,35,315,15.75,330.75,
,,,,,,Replacing intake hose,,,150,15,135,6.75,141.75,
,,,,,,Wheel alignment,,,150,0,150,7.5,157.5,
,,,,,,Machine shop,,,350,0,350,17.5,367.5,
Total,,,,,,,,,9473,218,9255,462.75,9717.75,
Marcus Wee Meng Fai,545182393,Y69330,BMW,X5,WBAKR6108G0R30669,,16-02-2026,IN1-1001687,,,,,,
,,,,,,Semi major service(with contract),,,0,0,0,0,0,
,,,,,,Engine oil,,,0,0,0,0,0,
,,,,,,Engine oil filter,,,0,0,0,0,0,
,,,,,,Ac filter,,,0,0,0,0,0,
,,,,,,Air filter,,,0,0,0,0,0,
,,,,,,Front brake pad-Original,,,990,0,990,49.5,1039.5,
,,,,,,Front brake sensor-Aftermarket,,,55,0,55,2.75,57.75,
,,,,,,Replacing frt brake pad and sensor,,,350,70,280,14,294,
,,,,,,Front brake disc skimming,,,80,0,80,4,84,
Total,,,,,,,,,1475,70,1405,70.25,1475.25,
Veereena Daniela Ramkissoon,508782088,W90732,Toyota,Yaris,MR2K19F38K1046337,,17-02-2026,IN1-1001688,,,,,,
,,,,,,Front stabilizer bush-Original,,,320,0,320,16,336,
Total,,,,,,,,,320,0,320,16,336,
Kehinde Babajide Onitiri,549958736,T85149,Toyota,Avanza,MHKMF5CF5LK011832,,18-02-2026,IN1-1001689,,,,,,
,,,,,,Starter motor- Original,,,1050,0,1050,52.5,1102.5,
,,,,,,Starter motor relay,,,65,0,65,3.25,68.25,
,,,,,,Battery,,,195,0,195,9.75,204.75,
,,,,,,Minor service,,,599,0,599,29.95,628.95,
,,,,,,Engine oil filter,,,0,0,0,0,0,
,,,,,,Engine oil,,,0,0,0,0,0,
,,,,,,Front crank oil seal-original,,,100,0,100,5,105,
,,,,,,Replacing starter motor assy,,,560,0,560,28,588,
,,,,,,Replacing frt crank oil seal,,,280,0,280,14,294,
,,,,,,Replacing battery,,,0,0,0,0,0,
,,,,,,Recovery service,,,230,0,230,11.5,241.5,
Total,,,,,,,,,3079,0,3079,153.95,3232.95,
Garfield Stephen Spencer,521299857,14/52264,Toyota,RAV4,2T3DFREV4FW295536,,19-02-2026,IN1-1001690,,,,,,
,,,,,,Rear crankshaft seal-Original,,,135,0,135,6.75,141.75,
,,,,,,Gear oil seal-Original,,,100,0,100,5,105,
,,,,,,Axle seal-original,,,214,0,214,10.7,224.7,
,,,,,,Propeller shaft seal,,,127,0,127,6.35,133.35,
,,,,,,Consumables,,,100,0,100,5,105,
,,,,,,Engine oil,,,0,0,0,0,0,
,,,,,,Engine oil filter,,,0,0,0,0,0,
,,,,,,Engine oil and filter change,,,350,0,350,17.5,367.5,
,,,,,,Transmission seal-original,,,100,0,100,5,105,
,,,,,,Transmission fuel pump o ring-original,,,75,0,75,3.75,78.75,
,,,,,,ATF oil,,,60,0,60,3,63,
,,,,,,Pull down engine and gearbox to replace seal,,,2800,420,2380,119,2499,
Total,,,,,,,,,4061,420,3641,182.05,3823.05,
Adrien Galle,585772421,T36553,Jeep,Wrangler,1C4BJWFG9FL559325,,19-02-2026,IN1-1001691,,,,,,
,,,,,,Propeller shaft assy -recondition,,,1500,0,1500,75,1575,
,,,,,,BATTERY AMARON 74AH,,,550,0,550,27.5,577.5,
,,,,,,Replacing propeller shaft assy,,,560,0,560,28,588,
Total,,,,,,,,,2610,0,2610,130.5,2740.5,
Garfield Stephen Spencer,521299857,14/52264,Toyota,RAV4,2T3DFREV4FW295536,,20-02-2026,IN1-1001692,,,,,,
,,,,,,Drive belt-original,,,295,0,295,14.75,309.75,
,,,,,,Replacing drive belt,,,100,0,100,5,105,
Total,,,,,,,,,395,0,395,19.75,414.75,
Mohammad Bilal Salem Harmoos,506567787,R35112,Jaguar,XK,SAJAA45F0CLB45438,,20-02-2026,IN1-1001693,,,,,,
,,,,,,Throttle body pipe-Original,,,998,0,998,49.9,1047.9,
,,,,,,Replacing throttle body pipe,,,180,0,180,9,189,
Total,,,,,,,,,1178,0,1178,58.9,1236.9,
Mohamad Jamal Mahmoud,585311256,EE52421,MG,MG 5,LSJA36U68SN068211,,21-02-2026,IN1-1001694,,,,,,
,,,,,,Minor service,,,285.71,0,285.71,14.29,300,
,,,,,,Engine oil filter,,,0,0,0,0,0,
,,,,,,Engine oil,,,0,0,0,0,0,
Total,,,,,,,,,285.71,0,285.71,14.29,300,
Kehinde Babajide Onitiri,549958736,T85149,Toyota,Avanza,MHKMF5CF5LK011832,,21-02-2026,IN1-1001695,,,,,,
,,,,,,Front brake pad-Original,,,255,0,255,12.75,267.75,
,,,,,,Labor charge,,,280,0,280,14,294,
Total,,,,,,,,,535,0,535,26.75,561.75,
Alanna Ross,562045099,83220,BMW,X1,WBAVL3105DVS27901,,21-02-2026,IN1-1001696,,,,,,
,,,,,,MAF sensor-Original,,,2130,0,2130,106.5,2236.5,
,,,,,,Diff sensor,,,400,0,400,20,420,
,,,,,,Pick and drop off service,,,120,0,120,6,126,
Total,,,,,,,,,2650,0,2650,132.5,2782.5,
